openrouter://amazon/nova-premier-v1,personas/persons/c4e1a2b-0.txt
openrouter://amazon/nova-premier-v1,personas/persons/d715074-0.txt
openrouter://amazon/nova-premier-v1,personas/persons/d715074-1.txt
openrouter://amazon/nova-premier-v1,personas/persons/d715074-2.txt
openrouter://amazon/nova-premier-v1,personas/persons/d715074-3.txt
openrouter://amazon/nova-premier-v1,personas/persons/d715074-4.txt
openrouter://amazon/nova-premier-v1,personas/persons/d715074-5.txt
openrouter://amazon/nova-premier-v1,personas/persons/d715074-6.txt
openrouter://amazon/nova-premier-v1,personas/persons/d715074-7.txt
openrouter://amazon/nova-premier-v1,personas/persons/d715074-8.txt
openrouter://amazon/nova-premier-v1,personas/persons/d715074-9.txt
openrouter://amazon/nova-premier-v1,personas/persons/e50e538-0.txt
openrouter://amazon/nova-premier-v1,personas/persons/e50e538-1.txt
openrouter://amazon/nova-premier-v1,personas/persons/e91db77-0.txt
openrouter://anthropic/claude-3.7-sonnet,personas/persons/c4e1a2b-0.txt
openrouter://anthropic/claude-3.7-sonnet,personas/persons/d715074-0.txt
openrouter://anthropic/claude-3.7-sonnet,personas/persons/d715074-1.txt
openrouter://anthropic/claude-3.7-sonnet,personas/persons/d715074-2.txt
openrouter://anthropic/claude-3.7-sonnet,personas/persons/d715074-3.txt
openrouter://anthropic/claude-3.7-sonnet,personas/persons/d715074-4.txt
openrouter://anthropic/claude-3.7-sonnet,personas/persons/d715074-5.txt
openrouter://anthropic/claude-3.7-sonnet,personas/persons/d715074-6.txt
openrouter://anthropic/claude-3.7-sonnet,personas/persons/d715074-7.txt
openrouter://anthropic/claude-3.7-sonnet,personas/persons/d715074-8.txt
openrouter://anthropic/claude-3.7-sonnet,personas/persons/d715074-9.txt
openrouter://anthropic/claude-3.7-sonnet,personas/persons/e50e538-0.txt
openrouter://anthropic/claude-3.7-sonnet,personas/persons/e50e538-1.txt
openrouter://anthropic/claude-3.7-sonnet,personas/persons/e91db77-0.txt
openrouter://anthropic/claude-sonnet-4.5,personas/persons/c4e1a2b-0.txt
openrouter://anthropic/claude-sonnet-4.5,personas/persons/d715074-0.txt
openrouter://anthropic/claude-sonnet-4.5,personas/persons/d715074-1.txt
openrouter://anthropic/claude-sonnet-4.5,personas/persons/d715074-2.txt
openrouter://anthropic/claude-sonnet-4.5,personas/persons/d715074-3.txt
openrouter://anthropic/claude-sonnet-4.5,personas/persons/d715074-4.txt
openrouter://anthropic/claude-sonnet-4.5,personas/persons/d715074-5.txt
openrouter://anthropic/claude-sonnet-4.5,personas/persons/d715074-6.txt
openrouter://anthropic/claude-sonnet-4.5,personas/persons/d715074-7.txt
openrouter://anthropic/claude-sonnet-4.5,personas/persons/d715074-8.txt
openrouter://anthropic/claude-sonnet-4.5,personas/persons/d715074-9.txt
openrouter://anthropic/claude-sonnet-4.5,personas/persons/e50e538-0.txt
openrouter://anthropic/claude-sonnet-4.5,personas/persons/e50e538-1.txt
openrouter://anthropic/claude-sonnet-4.5,personas/persons/e91db77-0.txt
openrouter://anthropic/claude-sonnet-4.6,personas/persons/c4e1a2b-0.txt
openrouter://anthropic/claude-sonnet-4.6,personas/persons/d715074-0.txt
openrouter://anthropic/claude-sonnet-4.6,personas/persons/d715074-1.txt
openrouter://anthropic/claude-sonnet-4.6,personas/persons/d715074-2.txt
openrouter://anthropic/claude-sonnet-4.6,personas/persons/d715074-3.txt
openrouter://anthropic/claude-sonnet-4.6,personas/persons/d715074-4.txt
openrouter://anthropic/claude-sonnet-4.6,personas/persons/d715074-5.txt
openrouter://anthropic/claude-sonnet-4.6,personas/persons/d715074-6.txt
openrouter://anthropic/claude-sonnet-4.6,personas/persons/d715074-7.txt
openrouter://anthropic/claude-sonnet-4.6,personas/persons/d715074-8.txt
openrouter://anthropic/claude-sonnet-4.6,personas/persons/d715074-9.txt
openrouter://anthropic/claude-sonnet-4.6,personas/persons/e50e538-0.txt
openrouter://anthropic/claude-sonnet-4.6,personas/persons/e50e538-1.txt
openrouter://anthropic/claude-sonnet-4.6,personas/persons/e91db77-0.txt
openrouter://anthropic/claude-opus-4.5,personas/persons/c4e1a2b-0.txt
openrouter://anthropic/claude-opus-4.5,personas/persons/d715074-0.txt
openrouter://anthropic/claude-opus-4.5,personas/persons/d715074-1.txt
openrouter://anthropic/claude-opus-4.5,personas/persons/d715074-2.txt
openrouter://anthropic/claude-opus-4.5,personas/persons/d715074-3.txt
openrouter://anthropic/claude-opus-4.5,personas/persons/d715074-4.txt
openrouter://anthropic/claude-opus-4.5,personas/persons/d715074-5.txt
openrouter://anthropic/claude-opus-4.5,personas/persons/d715074-6.txt
openrouter://anthropic/claude-opus-4.5,personas/persons/d715074-7.txt
openrouter://anthropic/claude-opus-4.5,personas/persons/d715074-8.txt
openrouter://anthropic/claude-opus-4.5,personas/persons/d715074-9.txt
openrouter://anthropic/claude-opus-4.5,personas/persons/e50e538-0.txt
openrouter://anthropic/claude-opus-4.5,personas/persons/e50e538-1.txt
openrouter://anthropic/claude-opus-4.5,personas/persons/e91db77-0.txt
openrouter://anthropic/claude-opus-4.6,personas/persons/c4e1a2b-0.txt
openrouter://anthropic/claude-opus-4.6,personas/persons/d715074-0.txt
openrouter://anthropic/claude-opus-4.6,personas/persons/d715074-1.txt
openrouter://anthropic/claude-opus-4.6,personas/persons/d715074-2.txt
openrouter://anthropic/claude-opus-4.6,personas/persons/d715074-3.txt
openrouter://anthropic/claude-opus-4.6,personas/persons/d715074-4.txt
openrouter://anthropic/claude-opus-4.6,personas/persons/d715074-5.txt
openrouter://anthropic/claude-opus-4.6,personas/persons/d715074-6.txt
openrouter://anthropic/claude-opus-4.6,personas/persons/d715074-7.txt
openrouter://anthropic/claude-opus-4.6,personas/persons/d715074-8.txt
openrouter://anthropic/claude-opus-4.6,personas/persons/d715074-9.txt
openrouter://anthropic/claude-opus-4.6,personas/persons/e50e538-0.txt
openrouter://anthropic/claude-opus-4.6,personas/persons/e50e538-1.txt
openrouter://anthropic/claude-opus-4.6,personas/persons/e91db77-0.txt
openrouter://google/gemini-2.5-flash,personas/persons/c4e1a2b-0.txt
openrouter://google/gemini-2.5-flash,personas/persons/d715074-0.txt
openrouter://google/gemini-2.5-flash,personas/persons/d715074-1.txt
openrouter://google/gemini-2.5-flash,personas/persons/d715074-2.txt
openrouter://google/gemini-2.5-flash,personas/persons/d715074-3.txt
openrouter://google/gemini-2.5-flash,personas/persons/d715074-4.txt
openrouter://google/gemini-2.5-flash,personas/persons/d715074-5.txt
openrouter://google/gemini-2.5-flash,personas/persons/d715074-6.txt
openrouter://google/gemini-2.5-flash,personas/persons/d715074-7.txt
openrouter://google/gemini-2.5-flash,personas/persons/d715074-8.txt
openrouter://google/gemini-2.5-flash,personas/persons/d715074-9.txt
openrouter://google/gemini-2.5-flash,personas/persons/e50e538-0.txt
openrouter://google/gemini-2.5-flash,personas/persons/e50e538-1.txt
openrouter://google/gemini-2.5-flash,personas/persons/e91db77-0.txt
openrouter://google/gemini-3-flash-preview,personas/persons/c4e1a2b-0.txt
openrouter://google/gemini-3-flash-preview,personas/persons/d715074-0.txt
openrouter://google/gemini-3-flash-preview,personas/persons/d715074-1.txt
openrouter://google/gemini-3-flash-preview,personas/persons/d715074-2.txt
openrouter://google/gemini-3-flash-preview,personas/persons/d715074-3.txt
openrouter://google/gemini-3-flash-preview,personas/persons/d715074-4.txt
openrouter://google/gemini-3-flash-preview,personas/persons/d715074-5.txt
openrouter://google/gemini-3-flash-preview,personas/persons/d715074-6.txt
openrouter://google/gemini-3-flash-preview,personas/persons/d715074-7.txt
openrouter://google/gemini-3-flash-preview,personas/persons/d715074-8.txt
openrouter://google/gemini-3-flash-preview,personas/persons/d715074-9.txt
openrouter://google/gemini-3-flash-preview,personas/persons/e50e538-0.txt
openrouter://google/gemini-3-flash-preview,personas/persons/e50e538-1.txt
openrouter://google/gemini-3-flash-preview,personas/persons/e91db77-0.txt
openrouter://google/gemini-3.1-flash-lite-preview,personas/persons/c4e1a2b-0.txt
openrouter://google/gemini-3.1-flash-lite-preview,personas/persons/d715074-0.txt
openrouter://google/gemini-3.1-flash-lite-preview,personas/persons/d715074-1.txt
openrouter://google/gemini-3.1-flash-lite-preview,personas/persons/d715074-2.txt
openrouter://google/gemini-3.1-flash-lite-preview,personas/persons/d715074-3.txt
openrouter://google/gemini-3.1-flash-lite-preview,personas/persons/d715074-4.txt
openrouter://google/gemini-3.1-flash-lite-preview,personas/persons/d715074-5.txt
openrouter://google/gemini-3.1-flash-lite-preview,personas/persons/d715074-6.txt
openrouter://google/gemini-3.1-flash-lite-preview,personas/persons/d715074-7.txt
openrouter://google/gemini-3.1-flash-lite-preview,personas/persons/d715074-8.txt
openrouter://google/gemini-3.1-flash-lite-preview,personas/persons/d715074-9.txt
openrouter://google/gemini-3.1-flash-lite-preview,personas/persons/e50e538-0.txt
openrouter://google/gemini-3.1-flash-lite-preview,personas/persons/e50e538-1.txt
openrouter://google/gemini-3.1-flash-lite-preview,personas/persons/e91db77-0.txt
openrouter://meta-llama/llama-4-scout,personas/persons/c4e1a2b-0.txt
openrouter://meta-llama/llama-4-scout,personas/persons/d715074-0.txt
openrouter://meta-llama/llama-4-scout,personas/persons/d715074-1.txt
openrouter://meta-llama/llama-4-scout,personas/persons/d715074-2.txt
openrouter://meta-llama/llama-4-scout,personas/persons/d715074-3.txt
openrouter://meta-llama/llama-4-scout,personas/persons/d715074-4.txt
openrouter://meta-llama/llama-4-scout,personas/persons/d715074-5.txt
openrouter://meta-llama/llama-4-scout,personas/persons/d715074-6.txt
openrouter://meta-llama/llama-4-scout,personas/persons/d715074-7.txt
openrouter://meta-llama/llama-4-scout,personas/persons/d715074-8.txt
openrouter://meta-llama/llama-4-scout,personas/persons/d715074-9.txt
openrouter://meta-llama/llama-4-scout,personas/persons/e50e538-0.txt
openrouter://meta-llama/llama-4-scout,personas/persons/e50e538-1.txt
openrouter://meta-llama/llama-4-scout,personas/persons/e91db77-0.txt
openrouter://mistralai/mistral-large,personas/persons/c4e1a2b-0.txt
openrouter://mistralai/mistral-large,personas/persons/d715074-0.txt
openrouter://mistralai/mistral-large,personas/persons/d715074-1.txt
openrouter://mistralai/mistral-large,personas/persons/d715074-2.txt
openrouter://mistralai/mistral-large,personas/persons/d715074-3.txt
openrouter://mistralai/mistral-large,personas/persons/d715074-4.txt
openrouter://mistralai/mistral-large,personas/persons/d715074-5.txt
openrouter://mistralai/mistral-large,personas/persons/d715074-6.txt
openrouter://mistralai/mistral-large,personas/persons/d715074-7.txt
openrouter://mistralai/mistral-large,personas/persons/d715074-8.txt
openrouter://mistralai/mistral-large,personas/persons/d715074-9.txt
openrouter://mistralai/mistral-large,personas/persons/e50e538-0.txt
openrouter://mistralai/mistral-large,personas/persons/e50e538-1.txt
openrouter://mistralai/mistral-large,personas/persons/e91db77-0.txt
openrouter://openai/gpt-4,personas/persons/c4e1a2b-0.txt
openrouter://openai/gpt-4,personas/persons/d715074-0.txt
openrouter://openai/gpt-4,personas/persons/d715074-1.txt
openrouter://openai/gpt-4,personas/persons/d715074-2.txt
openrouter://openai/gpt-4,personas/persons/d715074-3.txt
openrouter://openai/gpt-4,personas/persons/d715074-4.txt
openrouter://openai/gpt-4,personas/persons/d715074-5.txt
openrouter://openai/gpt-4,personas/persons/d715074-6.txt
openrouter://openai/gpt-4,personas/persons/d715074-7.txt
openrouter://openai/gpt-4,personas/persons/d715074-8.txt
openrouter://openai/gpt-4,personas/persons/d715074-9.txt
openrouter://openai/gpt-4,personas/persons/e50e538-0.txt
openrouter://openai/gpt-4,personas/persons/e50e538-1.txt
openrouter://openai/gpt-4,personas/persons/e91db77-0.txt
openrouter://openai/gpt-4o,personas/persons/c4e1a2b-0.txt
openrouter://openai/gpt-4o,personas/persons/d715074-0.txt
openrouter://openai/gpt-4o,personas/persons/d715074-1.txt
openrouter://openai/gpt-4o,personas/persons/d715074-2.txt
openrouter://openai/gpt-4o,personas/persons/d715074-3.txt
openrouter://openai/gpt-4o,personas/persons/d715074-4.txt
openrouter://openai/gpt-4o,personas/persons/d715074-5.txt
openrouter://openai/gpt-4o,personas/persons/d715074-6.txt
openrouter://openai/gpt-4o,personas/persons/d715074-7.txt
openrouter://openai/gpt-4o,personas/persons/d715074-8.txt
openrouter://openai/gpt-4o,personas/persons/d715074-9.txt
openrouter://openai/gpt-4o,personas/persons/e50e538-0.txt
openrouter://openai/gpt-4o,personas/persons/e50e538-1.txt
openrouter://openai/gpt-4o,personas/persons/e91db77-0.txt
openrouter://openai/gpt-5.2-chat,personas/persons/c4e1a2b-0.txt
openrouter://openai/gpt-5.2-chat,personas/persons/d715074-0.txt
openrouter://openai/gpt-5.2-chat,personas/persons/d715074-1.txt
openrouter://openai/gpt-5.2-chat,personas/persons/d715074-2.txt
openrouter://openai/gpt-5.2-chat,personas/persons/d715074-3.txt
openrouter://openai/gpt-5.2-chat,personas/persons/d715074-4.txt
openrouter://openai/gpt-5.2-chat,personas/persons/d715074-5.txt
openrouter://openai/gpt-5.2-chat,personas/persons/d715074-6.txt
openrouter://openai/gpt-5.2-chat,personas/persons/d715074-7.txt
openrouter://openai/gpt-5.2-chat,personas/persons/d715074-8.txt
openrouter://openai/gpt-5.2-chat,personas/persons/d715074-9.txt
openrouter://openai/gpt-5.2-chat,personas/persons/e50e538-0.txt
openrouter://openai/gpt-5.2-chat,personas/persons/e50e538-1.txt
openrouter://openai/gpt-5.2-chat,personas/persons/e91db77-0.txt
openrouter://openai/gpt-5.4,personas/persons/c4e1a2b-0.txt
openrouter://openai/gpt-5.4,personas/persons/d715074-0.txt
openrouter://openai/gpt-5.4,personas/persons/d715074-1.txt
openrouter://openai/gpt-5.4,personas/persons/d715074-2.txt
openrouter://openai/gpt-5.4,personas/persons/d715074-3.txt
openrouter://openai/gpt-5.4,personas/persons/d715074-4.txt
openrouter://openai/gpt-5.4,personas/persons/d715074-5.txt
openrouter://openai/gpt-5.4,personas/persons/d715074-6.txt
openrouter://openai/gpt-5.4,personas/persons/d715074-7.txt
openrouter://openai/gpt-5.4,personas/persons/d715074-8.txt
openrouter://openai/gpt-5.4,personas/persons/d715074-9.txt
openrouter://openai/gpt-5.4,personas/persons/e50e538-0.txt
openrouter://openai/gpt-5.4,personas/persons/e50e538-1.txt
openrouter://openai/gpt-5.4,personas/persons/e91db77-0.txt
openrouter://openai/gpt-5.4-mini,personas/persons/c4e1a2b-0.txt
openrouter://openai/gpt-5.4-mini,personas/persons/d715074-0.txt
openrouter://openai/gpt-5.4-mini,personas/persons/d715074-1.txt
openrouter://openai/gpt-5.4-mini,personas/persons/d715074-2.txt
openrouter://openai/gpt-5.4-mini,personas/persons/d715074-3.txt
openrouter://openai/gpt-5.4-mini,personas/persons/d715074-4.txt
openrouter://openai/gpt-5.4-mini,personas/persons/d715074-5.txt
openrouter://openai/gpt-5.4-mini,personas/persons/d715074-6.txt
openrouter://openai/gpt-5.4-mini,personas/persons/d715074-7.txt
openrouter://openai/gpt-5.4-mini,personas/persons/d715074-8.txt
openrouter://openai/gpt-5.4-mini,personas/persons/d715074-9.txt
openrouter://openai/gpt-5.4-mini,personas/persons/e50e538-0.txt
openrouter://openai/gpt-5.4-mini,personas/persons/e50e538-1.txt
openrouter://openai/gpt-5.4-mini,personas/persons/e91db77-0.txt
openrouter://qwen/qwen3.5-27b,personas/persons/c4e1a2b-0.txt
openrouter://qwen/qwen3.5-27b,personas/persons/d715074-0.txt
openrouter://qwen/qwen3.5-27b,personas/persons/d715074-1.txt
openrouter://qwen/qwen3.5-27b,personas/persons/d715074-2.txt
openrouter://qwen/qwen3.5-27b,personas/persons/d715074-3.txt
openrouter://qwen/qwen3.5-27b,personas/persons/d715074-4.txt
openrouter://qwen/qwen3.5-27b,personas/persons/d715074-5.txt
openrouter://qwen/qwen3.5-27b,personas/persons/d715074-6.txt
openrouter://qwen/qwen3.5-27b,personas/persons/d715074-7.txt
openrouter://qwen/qwen3.5-27b,personas/persons/d715074-8.txt
openrouter://qwen/qwen3.5-27b,personas/persons/d715074-9.txt
openrouter://qwen/qwen3.5-27b,personas/persons/e50e538-0.txt
openrouter://qwen/qwen3.5-27b,personas/persons/e50e538-1.txt
openrouter://qwen/qwen3.5-27b,personas/persons/e91db77-0.txt
openrouter://qwen/qwen3.5-9b,personas/persons/c4e1a2b-0.txt
openrouter://qwen/qwen3.5-9b,personas/persons/d715074-0.txt
openrouter://qwen/qwen3.5-9b,personas/persons/d715074-1.txt
openrouter://qwen/qwen3.5-9b,personas/persons/d715074-2.txt
openrouter://qwen/qwen3.5-9b,personas/persons/d715074-3.txt
openrouter://qwen/qwen3.5-9b,personas/persons/d715074-4.txt
openrouter://qwen/qwen3.5-9b,personas/persons/d715074-5.txt
openrouter://qwen/qwen3.5-9b,personas/persons/d715074-6.txt
openrouter://qwen/qwen3.5-9b,personas/persons/d715074-7.txt
openrouter://qwen/qwen3.5-9b,personas/persons/d715074-8.txt
openrouter://qwen/qwen3.5-9b,personas/persons/d715074-9.txt
openrouter://qwen/qwen3.5-9b,personas/persons/e50e538-0.txt
openrouter://qwen/qwen3.5-9b,personas/persons/e50e538-1.txt
openrouter://qwen/qwen3.5-9b,personas/persons/e91db77-0.txt
openrouter://x-ai/grok-3,personas/persons/c4e1a2b-0.txt
openrouter://x-ai/grok-3,personas/persons/d715074-0.txt
openrouter://x-ai/grok-3,personas/persons/d715074-1.txt
openrouter://x-ai/grok-3,personas/persons/d715074-2.txt
openrouter://x-ai/grok-3,personas/persons/d715074-3.txt
openrouter://x-ai/grok-3,personas/persons/d715074-4.txt
openrouter://x-ai/grok-3,personas/persons/d715074-5.txt
openrouter://x-ai/grok-3,personas/persons/d715074-6.txt
openrouter://x-ai/grok-3,personas/persons/d715074-7.txt
openrouter://x-ai/grok-3,personas/persons/d715074-8.txt
openrouter://x-ai/grok-3,personas/persons/d715074-9.txt
openrouter://x-ai/grok-3,personas/persons/e50e538-0.txt
openrouter://x-ai/grok-3,personas/persons/e50e538-1.txt
openrouter://x-ai/grok-3,personas/persons/e91db77-0.txt
openrouter://x-ai/grok-4-fast,personas/persons/c4e1a2b-0.txt
openrouter://x-ai/grok-4-fast,personas/persons/d715074-0.txt
openrouter://x-ai/grok-4-fast,personas/persons/d715074-1.txt
openrouter://x-ai/grok-4-fast,personas/persons/d715074-2.txt
openrouter://x-ai/grok-4-fast,personas/persons/d715074-3.txt
openrouter://x-ai/grok-4-fast,personas/persons/d715074-4.txt
openrouter://x-ai/grok-4-fast,personas/persons/d715074-5.txt
openrouter://x-ai/grok-4-fast,personas/persons/d715074-6.txt
openrouter://x-ai/grok-4-fast,personas/persons/d715074-7.txt
openrouter://x-ai/grok-4-fast,personas/persons/d715074-8.txt
openrouter://x-ai/grok-4-fast,personas/persons/d715074-9.txt
openrouter://x-ai/grok-4-fast,personas/persons/e50e538-0.txt
openrouter://x-ai/grok-4-fast,personas/persons/e50e538-1.txt
openrouter://x-ai/grok-4-fast,personas/persons/e91db77-0.txt
openrouter://z-ai/glm-4.6,personas/persons/c4e1a2b-0.txt
openrouter://z-ai/glm-4.6,personas/persons/d715074-0.txt
openrouter://z-ai/glm-4.6,personas/persons/d715074-1.txt
openrouter://z-ai/glm-4.6,personas/persons/d715074-2.txt
openrouter://z-ai/glm-4.6,personas/persons/d715074-3.txt
openrouter://z-ai/glm-4.6,personas/persons/d715074-4.txt
openrouter://z-ai/glm-4.6,personas/persons/d715074-5.txt
openrouter://z-ai/glm-4.6,personas/persons/d715074-6.txt
openrouter://z-ai/glm-4.6,personas/persons/d715074-7.txt
openrouter://z-ai/glm-4.6,personas/persons/d715074-8.txt
openrouter://z-ai/glm-4.6,personas/persons/d715074-9.txt
openrouter://z-ai/glm-4.6,personas/persons/e50e538-0.txt
openrouter://z-ai/glm-4.6,personas/persons/e50e538-1.txt
openrouter://z-ai/glm-4.6,personas/persons/e91db77-0.txt
openrouter://z-ai/glm-4.7-flash,personas/persons/c4e1a2b-0.txt
openrouter://z-ai/glm-4.7-flash,personas/persons/d715074-0.txt
openrouter://z-ai/glm-4.7-flash,personas/persons/d715074-1.txt
openrouter://z-ai/glm-4.7-flash,personas/persons/d715074-2.txt
openrouter://z-ai/glm-4.7-flash,personas/persons/d715074-3.txt
openrouter://z-ai/glm-4.7-flash,personas/persons/d715074-4.txt
openrouter://z-ai/glm-4.7-flash,personas/persons/d715074-5.txt
openrouter://z-ai/glm-4.7-flash,personas/persons/d715074-6.txt
openrouter://z-ai/glm-4.7-flash,personas/persons/d715074-7.txt
openrouter://z-ai/glm-4.7-flash,personas/persons/d715074-8.txt
openrouter://z-ai/glm-4.7-flash,personas/persons/d715074-9.txt
openrouter://z-ai/glm-4.7-flash,personas/persons/e50e538-0.txt
openrouter://z-ai/glm-4.7-flash,personas/persons/e50e538-1.txt
openrouter://z-ai/glm-4.7-flash,personas/persons/e91db77-0.txt
openrouter://z-ai/glm-5-turbo,personas/persons/c4e1a2b-0.txt
openrouter://z-ai/glm-5-turbo,personas/persons/d715074-0.txt
openrouter://z-ai/glm-5-turbo,personas/persons/d715074-1.txt
openrouter://z-ai/glm-5-turbo,personas/persons/d715074-2.txt
openrouter://z-ai/glm-5-turbo,personas/persons/d715074-3.txt
openrouter://z-ai/glm-5-turbo,personas/persons/d715074-4.txt
openrouter://z-ai/glm-5-turbo,personas/persons/d715074-5.txt
openrouter://z-ai/glm-5-turbo,personas/persons/d715074-6.txt
openrouter://z-ai/glm-5-turbo,personas/persons/d715074-7.txt
openrouter://z-ai/glm-5-turbo,personas/persons/d715074-8.txt
openrouter://z-ai/glm-5-turbo,personas/persons/d715074-9.txt
openrouter://z-ai/glm-5-turbo,personas/persons/e50e538-0.txt
openrouter://z-ai/glm-5-turbo,personas/persons/e50e538-1.txt
openrouter://z-ai/glm-5-turbo,personas/persons/e91db77-0.txt
